number,name,status
1,PEP 1 – PEP Purpose and Guidelines,Unknown
20,PEP 20 – The Zen of Python,Unknown
676,PEP 676 – PEP Infrastructure Process,Unknown
609,PEP 609 – Python Packaging Authority (PyPA) Governance,Unknown
761,PEP 761 – Deprecating PGP signatures for CPython artifacts,Unknown
731,PEP 731 – C API Working Group Charter,Unknown
729,PEP 729 – Typing governance process,Unknown
732,PEP 732 – The Python Documentation Editorial Board,Unknown
602,PEP 602 – Annual Release Cycle for Python,Unknown
8,PEP 8 – Style Guide for Python Code,Unknown
545,PEP 545 – Python Documentation Translations,Unknown
387,PEP 387 – Backwards Compatibility Policy,Unknown
13,PEP 13 – Python Language Governance,Unknown
10,PEP 10 – Voting Guidelines,Unknown
766,PEP 766 – Explicit Priority Choices Among Multiple Indexes,Unknown
11,PEP 11 – CPython platform support,Unknown
12,PEP 12 – Sample reStructuredText PEP Template,Unknown
446,PEP 446 – Make newly created file descriptors non-inheritable,Unknown
445,PEP 445 – Add new APIs to customize Python memory allocators,Unknown
466,PEP 466 – Network Security Enhancements for Python 2.7.x,Unknown
479,PEP 479 – Change StopIteration handling inside generators,Unknown
484,PEP 484 – Type Hints,Unknown
486,PEP 486 – Make the Python Launcher aware of virtual environments,Unknown
485,PEP 485 – A Function for testing approximate equality,Unknown
477,PEP 477 – Backport ensurepip (PEP 453) to Python 2.7,Unknown
528,PEP 528 – Change Windows console encoding to UTF-8,Unknown
544,PEP 544 – Protocols: Structural subtyping (static duck typing),Unknown
552,PEP 552 – Deterministic pycs,Unknown
560,PEP 560 – Core support for typing module and generic types,Unknown
540,PEP 540 – Add a new UTF-8 Mode,Unknown
557,PEP 557 – Data Classes,Unknown
553,PEP 553 – Built-in breakpoint(),Unknown
567,PEP 567 – Context Variables,Unknown
591,PEP 591 – Adding a final qualifier to typing,Unknown
594,PEP 594 – Removing dead batteries from the standard library,Unknown
593,PEP 593 – Flexible function and variable annotations,Unknown
614,PEP 614 – Relaxing Grammar Restrictions On Decorators,Unknown
612,PEP 612 – Parameter Specification Variables,Unknown
610,PEP 610 – Recording the Direct URL Origin of installed distributions,Unknown
623,PEP 623 – Remove wstr from Unicode,Unknown
632,PEP 632 – Deprecate distutils module,Unknown
613,PEP 613 – Explicit Type Aliases,Unknown
652,PEP 652 – Maintaining the Stable ABI,Unknown
654,PEP 654 – Exception Groups and except*,Unknown
660,PEP 660 – Editable installs for pyproject.toml based builds (wheel based),Unknown
675,PEP 675 – Arbitrary Literal String Type,Unknown
678,PEP 678 – Enriching Exceptions with Notes,Unknown
673,PEP 673 – Self Type,Unknown
670,PEP 670 – Convert macros to functions in the Python C API,Unknown
680,PEP 680 – tomllib: Support for Parsing TOML in the Standard Library,Unknown
688,PEP 688 – Making the buffer protocol accessible in Python,Unknown
685,PEP 685 – Comparison of extra names for optional distribution dependencies,Unknown
706,PEP 706 – Filter for tarfile.extractall,Unknown
737,PEP 737 – C API to format a type fully qualified name,Unknown
758,PEP 758 – Allow ,Unknown
757,PEP 757 – C API to import-export Python integers,Unknown
738,PEP 738 – Adding Android as a supported platform,Unknown
740,PEP 740 – Index support for digital attestations,Unknown
734,PEP 734 – Multiple Interpreters in the Stdlib,Unknown
735,PEP 735 – Dependency Groups in pyproject.toml,Unknown
751,PEP 751 – A file format to record Python dependencies for installation reproducibility,Unknown
3141,PEP 3141 – A Type Hierarchy for Numbers,Unknown
3137,PEP 3137 – Immutable Bytes and Mutable Buffer,Unknown
3131,PEP 3131 – Supporting Non-ASCII Identifiers,Unknown
3138,PEP 3138 – String representation in Python 3000,Unknown
3134,PEP 3134 – Exception Chaining and Embedded Tracebacks,Unknown
3132,PEP 3132 – Extended Iterable Unpacking,Unknown
3135,PEP 3135 – New Super,Unknown
3151,PEP 3151 – Reworking the OS and IO exception hierarchy,Unknown
541,PEP 541 – Package Index Name Retention,Unknown
269,PEP 269 – Pgen Module for Python,Unknown
267,PEP 267 – Optimized Access to Module Namespaces,Unknown
213,PEP 213 – Attribute Access Handlers,Unknown
219,PEP 219 – Stackless Python,Unknown
323,PEP 323 – Copyable Iterators,Unknown
233,PEP 233 – Python Online Help,Unknown
222,PEP 222 – Web Library Enhancements,Unknown
3124,"PEP 3124 – Overloading, Generic Functions, Interfaces, and Adaptation",Unknown
211,PEP 211 – Adding A New Outer Product Operator,Unknown
216,PEP 216 – Docstring Format,Unknown
224,PEP 224 – Attribute Docstrings,Unknown
225,PEP 225 – Elementwise/Objectwise Operators,Unknown
220,"PEP 220 – Coroutines, Generators, Continuations",Unknown
210,PEP 210 – Decoupling the Interpreter Loop,Unknown
215,PEP 215 – String Interpolation,Unknown
241,PEP 241 – Metadata for Python Software Packages,Unknown
239,PEP 239 – Adding a Rational Type to Python,Unknown
266,PEP 266 – Optimizing Global Variable/Attribute Access,Unknown
288,PEP 288 – Generators Attributes and Exceptions,Unknown
276,PEP 276 – Simple Iterator for ints,Unknown
284,PEP 284 – Integer for-loops,Unknown
275,PEP 275 – Switching on Multiple Values,Unknown
281,PEP 281 – Loop Counter Iteration with range and xrange,Unknown
297,PEP 297 – Support for System Upgrades,Unknown
296,PEP 296 – Adding a bytes Object Type,Unknown
354,PEP 354 – Enumerations in Python,Unknown
355,PEP 355 – Path - Object oriented filesystem paths,Unknown
367,PEP 367 – New Super,Unknown
365,PEP 365 – Adding the pkg_resources module,Unknown
364,PEP 364 – Transitioning to the Py3K Standard Library,Unknown
369,PEP 369 – Post import hooks,Unknown
382,PEP 382 – Namespace Packages,Unknown
386,PEP 386 – Changing the version comparison module in Distutils,Unknown
481,"PEP 481 – Migrate CPython to Git, Github, and Phabricator",Unknown
490,PEP 490 – Chain exceptions at C level,Unknown
504,PEP 504 – Using the System RNG by default,Unknown
502,PEP 502 – String Interpolation - Extended Discussion,Unknown
500,PEP 500 – A protocol for delegating datetime methods to their tzinfo implementations,Unknown
501,PEP 501 – General purpose template literal strings,Unknown
511,PEP 511 – API for code transformers,Unknown
510,PEP 510 – Specialize functions with guards,Unknown
606,PEP 606 – Python Compatibility Version,Unknown
605,PEP 605 – A rolling feature release stream for CPython,Unknown
633,PEP 633 – Dependency specification in pyproject.toml using an exploded TOML table,Unknown
637,PEP 637 – Support for indexing with keyword arguments,Unknown
640,PEP 640 – Unused variable syntax,Unknown
650,PEP 650 – Specifying Installer Requirements for Python Projects,Unknown
648,PEP 648 – Extensible customizations of the interpreter at startup,Unknown
631,PEP 631 – Dependency specification in pyproject.toml based on PEP 508,Unknown
3130,PEP 3130 – Access to Current Module/Class/Function,Unknown
8013,PEP 8013 – The External Council Governance Model,Unknown
3146,PEP 3146 – Merging Unladen Swallow into CPython,Unknown
8010,PEP 8010 – The Technical Leader Governance Model,Unknown
8011,PEP 8011 – Python Governance Model Lead by Trio of Pythonistas,Unknown
8012,PEP 8012 – The Community Governance Model,Unknown
8015,PEP 8015 – Organization of the Python community,Unknown
8014,PEP 8014 – The Commons Governance Model,Unknown
3153,PEP 3153 – Asynchronous IO support,Unknown
3152,PEP 3152 – Cofunctions,Unknown
3145,PEP 3145 – Asynchronous I/O For subprocess.Popen,Unknown
3140,"PEP 3140 – str(container) should call str(item), not repr(item)",Unknown
3139,PEP 3139 – Cleaning out sys and the “interpreter” module,Unknown
3136,PEP 3136 – Labeled break and continue,Unknown
3128,PEP 3128 – BList: A Faster List-like Type,Unknown
3133,PEP 3133 – Introducing Roles,Unknown
3142,PEP 3142 – Add a “while” clause to generator expressions,Unknown
3126,PEP 3126 – Remove Implicit String Concatenation,Unknown
3125,PEP 3125 – Remove Backslash Continuation,Unknown
3117,PEP 3117 – Postfix type declarations,Unknown
760,PEP 760 – No More Bare Excepts,Unknown
2026,PEP 2026 – Calendar versioning for Python,Unknown
3103,PEP 3103 – A Switch/Case Statement,Unknown
3122,PEP 3122 – Delineation of the main module,Unknown
3001,PEP 3001 – Procedure for reviewing and improving standard library modules,Unknown
769,"PEP 769 – Add a ‘default’ keyword argument to ‘attrgetter’, ‘itemgetter’ and ‘getitem’",Unknown
775,PEP 775 – Make zlib required to build CPython,Unknown
759,PEP 759 – External Wheel Hosting,Unknown
756,PEP 756 – Add PyUnicode_Export() and PyUnicode_Import() C functions,Unknown
736,PEP 736 – Shorthand syntax for keyword arguments at invocation,Unknown
722,PEP 722 – Dependency specification for single-file scripts,Unknown
754,PEP 754 – IEEE 754 Floating Point Special Values,Unknown
727,PEP 727 – Documentation in Annotated Metadata,Unknown
726,PEP 726 – Module ,Unknown
724,PEP 724 – Stricter Type Guards,Unknown
713,PEP 713 – Callable Modules,Unknown
712,PEP 712 – Adding a “converter” parameter to dataclasses.field,Unknown
707,PEP 707 – A simplified signature for __exit__ and __aexit__,Unknown
704,PEP 704 – Require virtual environments by default for package installers,Unknown
677,PEP 677 – Callable Type Syntax,Unknown
665,PEP 665 – A file format to list Python dependencies for reproducibility of an application,Unknown
666,PEP 666 – Reject Foolish Indentation,Unknown
690,PEP 690 – Lazy Imports,Unknown
663,"PEP 663 – Standardizing Enum str(), repr(), and format() behaviors",Unknown
662,PEP 662 – Editable installs via virtual wheels,Unknown
651,PEP 651 – Robust Stack Overflow Handling,Unknown
645,PEP 645 – Allow writing optional types as ,Unknown
642,PEP 642 – Explicit Pattern Syntax for Structural Pattern Matching,Unknown
641,PEP 641 – Using an underscore in the version portion of Python 3.10 compatibility tags,Unknown
611,PEP 611 – The one million limit,Unknown
620,PEP 620 – Hide implementation details from the C API,Unknown
608,PEP 608 – Coordinated Python release,Unknown
622,PEP 622 – Structural Pattern Matching,Unknown
601,PEP 601 – Forbid return/break/continue breaking out of finally,Unknown
598,PEP 598 – Introducing incremental feature releases,Unknown
599,PEP 599 – The manylinux2014 Platform Tag,Unknown
595,PEP 595 – Improving bugs.python.org,Unknown
583,PEP 583 – A Concurrency Memory Model for Python,Unknown
580,PEP 580 – The C call protocol,Unknown
582,PEP 582 – Python local packages directory,Unknown
577,PEP 577 – Augmented Assignment Expressions,Unknown
576,PEP 576 – Rationalize Built-in function classes,Unknown
571,PEP 571 – The manylinux2010 Platform Tag,Unknown
575,PEP 575 – Unifying function/method classes,Unknown
563,PEP 563 – Postponed Evaluation of Annotations,Unknown
554,PEP 554 – Multiple Interpreters in the Stdlib,Unknown
559,PEP 559 – Built-in noop(),Unknown
555,PEP 555 – Context-local variables (contextvars),Unknown
558,PEP 558 – Defined semantics for locals(),Unknown
551,PEP 551 – Security transparency in the Python runtime,Unknown
550,PEP 550 – Execution Context,Unknown
549,PEP 549 – Instance Descriptors,Unknown
546,PEP 546 – Backport ssl.MemoryBIO and ssl.SSLObject to Python 2.7,Unknown
542,PEP 542 – Dot Notation Assignment In Function Header,Unknown
522,PEP 522 – Allow BlockingIOError in security sensitive APIs,Unknown
548,PEP 548 – More Flexible Loop Control,Unknown
536,PEP 536 – Final Grammar for Literal String Interpolation,Unknown
543,PEP 543 – A Unified TLS API for Python,Unknown
521,PEP 521 – Managing global context via ‘with’ blocks in generators and coroutines,Unknown
531,PEP 531 – Existence checking operators,Unknown
513,PEP 513 – A Platform Tag for Portable Linux Built Distributions,Unknown
516,PEP 516 – Build system abstraction for pip/conda etc,Unknown
509,PEP 509 – Add a private version to dict,Unknown
473,PEP 473 – Adding structured data to built-in exceptions,Unknown
497,PEP 497 – A standard mechanism for backward compatibility,Unknown
474,PEP 474 – Creating forge.python.org,Unknown
507,PEP 507 – Migrate CPython to Git and GitLab,Unknown
496,PEP 496 – Environment Markers,Unknown
472,PEP 472 – Support for indexing with keyword arguments,Unknown
469,PEP 469 – Migration of dict iteration code to Python 3,Unknown
462,PEP 462 – Core development workflow automation for CPython,Unknown
439,PEP 439 – Inclusion of implicit pip bootstrap in Python installation,Unknown
463,PEP 463 – Exception-catching expressions,Unknown
455,PEP 455 – Adding a key-transforming dictionary to collections,Unknown
459,PEP 459 – Standard Metadata Extensions for Python Software Packages,Unknown
460,PEP 460 – Add binary interpolation and formatting,Unknown
437,"PEP 437 – A DSL for specifying signatures, annotations and argument converters",Unknown
433,PEP 433 – Easier suppression of file descriptor inheritance,Unknown
432,PEP 432 – Restructuring the CPython startup sequence,Unknown
431,PEP 431 – Time zone support improvements,Unknown
411,PEP 411 – Provisional packages in the Python standard library,Unknown
413,PEP 413 – Faster evolution of the Python Standard Library,Unknown
426,PEP 426 – Metadata for Python Software Packages 2.0,Unknown
410,PEP 410 – Use decimal.Decimal type for timestamps,Unknown
422,PEP 422 – Simpler customisation of class creation,Unknown
416,PEP 416 – Add a frozendict builtin type,Unknown
408,PEP 408 – Standard library __preview__ package,Unknown
406,PEP 406 – Improved Encapsulation of Import State,Unknown
401,PEP 401 – BDFL Retirement,Unknown
402,PEP 402 – Simplified Package Layout and Partitioning,Unknown
390,PEP 390 – Static metadata for Distutils,Unknown
395,PEP 395 – Qualified Names for Modules,Unknown
396,PEP 396 – Module Version Numbers,Unknown
381,PEP 381 – Mirroring infrastructure for PyPI,Unknown
379,PEP 379 – Adding an Assignment Expression,Unknown
363,PEP 363 – Syntax For Dynamic Attribute Access,Unknown
377,PEP 377 – Allow __enter__() methods to skip the statement body,Unknown
359,PEP 359 – The “make” Statement,Unknown
351,PEP 351 – The freeze protocol,Unknown
348,PEP 348 – Exception Reorganization for Python 3.0,Unknown
349,PEP 349 – Allow str() to return unicode strings,Unknown
350,PEP 350 – Codetags,Unknown
346,PEP 346 – User Defined (”,Unknown
344,PEP 344 – Exception Chaining and Embedded Tracebacks,Unknown
339,PEP 339 – Design of the CPython Compiler,Unknown
345,PEP 345 – Metadata for Python Software Packages 1.2,Unknown
340,PEP 340 – Anonymous Block Statements,Unknown
335,PEP 335 – Overloadable Boolean Operators,Unknown
336,PEP 336 – Make None Callable,Unknown
334,PEP 334 – Simple Coroutines via SuspendIteration,Unknown
332,PEP 332 – Byte vectors and String/Unicode Unification,Unknown
329,PEP 329 – Treating Builtins as Constants in the Standard Library,Unknown
330,PEP 330 – Python Bytecode Verification,Unknown
326,PEP 326 – A Case for Top and Bottom Values,Unknown
325,PEP 325 – Resource-Release Support for Generators,Unknown
321,PEP 321 – Date/Time Parsing and Formatting,Unknown
315,PEP 315 – Enhanced While Loop,Unknown
319,PEP 319 – Python Synchronize/Asynchronize Block,Unknown
317,PEP 317 – Eliminate Implicit Exception Instantiation,Unknown
306,PEP 306 – How to Change Python’s Grammar,Unknown
314,PEP 314 – Metadata for Python Software Packages 1.1,Unknown
313,PEP 313 – Adding Roman Numeral Literals to Python,Unknown
310,PEP 310 – Reliable Acquisition/Release Pairs,Unknown
304,PEP 304 – Controlling Generation of Bytecode Files,Unknown
299,PEP 299 – Special __main__() function in modules,Unknown
298,PEP 298 – The Locked Buffer Interface,Unknown
295,PEP 295 – Interpretation of multiline string constants,Unknown
303,PEP 303 – Extend divmod() for Multiple Divisors,Unknown
294,PEP 294 – Type Names in the types Module,Unknown
291,PEP 291 – Backward Compatibility for the Python 2 Standard Library,Unknown
271,PEP 271 – Prefixing sys.path by command line option,Unknown
270,PEP 270 – uniq method for list objects,Unknown
268,PEP 268 – Extended HTTP functionality and WebDAV,Unknown
265,PEP 265 – Sorting Dictionaries by Value,Unknown
262,PEP 262 – A Database of Installed Python Packages,Unknown
259,PEP 259 – Omit printing newline after newline,Unknown
258,PEP 258 – Docutils Design Specification,Unknown
254,PEP 254 – Making Classes Look More Like Types,Unknown
256,PEP 256 – Docstring Processing System Framework,Unknown
246,PEP 246 – Object Adaptation,Unknown
245,PEP 245 – Python Interface Syntax,Unknown
243,PEP 243 – Module Repository Upload Mechanism,Unknown
231,PEP 231 – __findattr__(),Unknown
240,PEP 240 – Adding a Rational Literal to Python,Unknown
242,PEP 242 – Numeric Kinds,Unknown
228,PEP 228 – Reworking Python’s Numeric Model,Unknown
244,PEP 244 – The ,Unknown
212,PEP 212 – Loop Counter Iteration,Unknown
206,PEP 206 – Python Advanced Library,Unknown
209,PEP 209 – Multi-dimensional Arrays,Unknown
204,PEP 204 – Range Literals,Unknown
103,PEP 103 – Collecting information about git,Unknown
102,PEP 102 – Doing Python Micro Releases,Unknown
3,PEP 3 – Guidelines for Handling Bug Reports,Unknown
42,PEP 42 – Feature Requests,Unknown
9,PEP 9 – Sample Plaintext PEP Template,Unknown
3143,PEP 3143 – Standard daemon process library,Unknown
3150,PEP 3150 – Statement local namespaces (aka “given” clause),Unknown
774,PEP 774 – Removing the LLVM requirement for JIT builds,Unknown
787,PEP 787 – Safer subprocess usage using t-strings,Unknown
778,PEP 778 – Supporting Symlinks in Wheels,Unknown
661,PEP 661 – Sentinel Values,Unknown
568,PEP 568 – Generator-sensitivity for Context Variables,Unknown
674,PEP 674 – Disallow using macros as l-values,Unknown
556,PEP 556 – Threaded garbage collection,Unknown
547,PEP 547 – Running extension modules using the -m option,Unknown
535,PEP 535 – Rich comparison chaining,Unknown
534,PEP 534 – Improved Errors for Missing Standard Library Modules,Unknown
533,PEP 533 – Deterministic cleanup for iterators,Unknown
499,PEP 499 – ,Unknown
532,PEP 532 – A circuit breaking protocol and binary operators,Unknown
505,PEP 505 – None-aware operators,Unknown
491,PEP 491 – The Wheel Binary Package Format 1.9,Unknown
447,PEP 447 – Add __getdescriptor__ method to metaclass,Unknown
444,PEP 444 – Python Web3 Interface,Unknown
423,PEP 423 – Naming conventions and recipes related to packaging,Unknown
419,PEP 419 – Protecting cleanup statements from interruptions,Unknown
403,PEP 403 – General purpose decorator clause (aka “@in” clause),Unknown
407,PEP 407 – New release cycle and introducing long-term support versions,Unknown
368,PEP 368 – Standard image protocol and class,Unknown
400,PEP 400 – Deprecate codecs.StreamReader and codecs.StreamWriter,Unknown
316,PEP 316 – Programming by Contract for Python,Unknown
337,PEP 337 – Logging Usage in the Standard Library,Unknown
312,PEP 312 – Simple Implicit Lambda,Unknown
286,PEP 286 – Enhanced Argument Tuples,Unknown
280,PEP 280 – Optimizing access to globals,Unknown
8001,PEP 8001 – Python Governance Voting Process,Unknown
3003,PEP 3003 – Python Language Moratorium,Unknown
3099,PEP 3099 – Things that will Not Change in Python 3000,Unknown
3002,PEP 3002 – Procedure for Backwards-Incompatible Changes,Unknown
3100,PEP 3100 – Miscellaneous Python 3.0 Plans,Unknown
3000,PEP 3000 – Python 3000,Unknown
581,PEP 581 – Using GitHub Issues for CPython,Unknown
569,PEP 569 – Python 3.8 Release Schedule,Unknown
537,PEP 537 – Python 3.7 Release Schedule,Unknown
478,PEP 478 – Python 3.5 Release Schedule,Unknown
494,PEP 494 – Python 3.6 Release Schedule,Unknown
464,PEP 464 – Removal of the PyPI Mirror Authenticity API,Unknown
449,PEP 449 – Removal of the PyPI Mirror Auto Discovery and Naming Scheme,Unknown
512,PEP 512 – Migrating from hg.python.org to GitHub,Unknown
470,PEP 470 – Removing External Hosting Support on PyPI,Unknown
438,PEP 438 – Transitioning to release-file hosting on PyPI,Unknown
429,PEP 429 – Python 3.4 Release Schedule,Unknown
398,PEP 398 – Python 3.3 Release Schedule,Unknown
404,PEP 404 – Python 2.8 Un-release Schedule,Unknown
392,PEP 392 – Python 3.2 Release Schedule,Unknown
375,PEP 375 – Python 3.1 Release Schedule,Unknown
385,PEP 385 – Migrating from Subversion to Mercurial,Unknown
374,PEP 374 – Choosing a distributed VCS for the Python project,Unknown
373,PEP 373 – Python 2.7 Release Schedule,Unknown
361,PEP 361 – Python 2.6 and 3.0 Release Schedule,Unknown
360,PEP 360 – Externally Maintained Packages,Unknown
356,PEP 356 – Python 2.5 Release Schedule,Unknown
320,PEP 320 – Python 2.4 Release Schedule,Unknown
347,PEP 347 – Migrating the Python CVS to Subversion,Unknown
251,PEP 251 – Python 2.2 Release Schedule,Unknown
283,PEP 283 – Python 2.3 Release Schedule,Unknown
200,PEP 200 – Python 2.0 Release Schedule,Unknown
226,PEP 226 – Python 2.1 Release Schedule,Unknown
6,PEP 6 – Bug Fix Releases,Unknown
160,PEP 160 – Python 1.6 Release Schedule,Unknown
5,PEP 5 – Guidelines for Language Evolution,Unknown
3156,PEP 3156 – Asynchronous IO Support Rebooted: the “asyncio” Module,Unknown
3155,PEP 3155 – Qualified name for classes and functions,Unknown
3149,PEP 3149 – ABI version tagged .so files,Unknown
3148,PEP 3148 – futures - execute computations asynchronously,Unknown
3154,PEP 3154 – Pickle protocol version 4,Unknown
3147,PEP 3147 – PYC Repository Directories,Unknown
3127,PEP 3127 – Integer Literal Support and Syntax,Unknown
3144,PEP 3144 – IP Address Manipulation Library for the Python Standard Library,Unknown
3129,PEP 3129 – Class Decorators,Unknown
3123,PEP 3123 – Making PyObject_HEAD conform to standard C,Unknown
3119,PEP 3119 – Introducing Abstract Base Classes,Unknown
3120,PEP 3120 – Using UTF-8 as the default source encoding,Unknown
3121,PEP 3121 – Extension Module Initialization and Finalization,Unknown
3118,PEP 3118 – Revising the buffer protocol,Unknown
3116,PEP 3116 – New I/O,Unknown
3115,PEP 3115 – Metaclasses in Python 3000,Unknown
3114,PEP 3114 – Renaming iterator.next() to iterator.__next__(),Unknown
3113,PEP 3113 – Removal of Tuple Parameter Unpacking,Unknown
3112,PEP 3112 – Bytes literals in Python 3000,Unknown
3110,PEP 3110 – Catching Exceptions in Python 3000,Unknown
3111,PEP 3111 – Simple input built-in in Python 3000,Unknown
3109,PEP 3109 – Raising Exceptions in Python 3000,Unknown
3106,"PEP 3106 – Revamping dict.keys(), .values() and .items()",Unknown
3108,PEP 3108 – Standard Library Reorganization,Unknown
3107,PEP 3107 – Function Annotations,Unknown
784,PEP 784 – Adding Zstandard to the standard library,Unknown
3104,PEP 3104 – Access to Names in Outer Scopes,Unknown
3102,PEP 3102 – Keyword-Only Arguments,Unknown
3101,PEP 3101 – Advanced String Formatting,Unknown
3105,PEP 3105 – Make print a function,Unknown
765,PEP 765 – Disallow return/break/continue that exit a finally block,Unknown
742,PEP 742 – Narrowing types with TypeIs,Unknown
741,PEP 741 – Python Configuration C API,Unknown
730,PEP 730 – Adding iOS as a supported platform,Unknown
709,PEP 709 – Inlined comprehensions,Unknown
723,PEP 723 – Inline script metadata,Unknown
715,PEP 715 – Disabling bdist_egg distribution uploads on PyPI,Unknown
721,PEP 721 – Using tarfile.data_filter for source distribution extraction,Unknown
705,PEP 705 – TypedDict: Read-only items,Unknown
702,PEP 702 – Marking deprecations using the type system,Unknown
700,PEP 700 – Additional Fields for the Simple API for Package Indexes,Unknown
697,PEP 697 – Limited C API for Extending Opaque Types,Unknown
698,PEP 698 – Override Decorator for Static Typing,Unknown
695,PEP 695 – Type Parameter Syntax,Unknown
696,PEP 696 – Type Defaults for Type Parameters,Unknown
692,PEP 692 – Using TypedDict for more precise **kwargs typing,Unknown
689,PEP 689 – Unstable C API tier,Unknown
684,PEP 684 – A Per-Interpreter GIL,Unknown
683,"PEP 683 – Immortal Objects, Using a Fixed Refcount",Unknown
682,PEP 682 – Format Specifier for Signed Zero,Unknown
667,PEP 667 – Consistent views of namespaces,Unknown
669,PEP 669 – Low Impact Monitoring for CPython,Unknown
681,PEP 681 – Data Class Transforms,Unknown
657,PEP 657 – Include Fine Grained Error Locations in Tracebacks,Unknown
655,PEP 655 – Marking individual TypedDict items as required or potentially-missing,Unknown
647,PEP 647 – User-Defined Type Guards,Unknown
656,PEP 656 – Platform Tag for Linux Distributions Using Musl,Unknown
646,PEP 646 – Variadic Generics,Unknown
644,PEP 644 – Require OpenSSL 1.1.1 or newer,Unknown
634,PEP 634 – Structural Pattern Matching: Specification,Unknown
639,PEP 639 – Improving License Clarity with Better Package Metadata,Unknown
643,PEP 643 – Metadata for Package Source Distributions,Unknown
629,PEP 629 – Versioning PyPI’s Simple API,Unknown
628,PEP 628 – Add ,Unknown
627,PEP 627 – Recording installed projects,Unknown
626,PEP 626 – Precise line numbers for debugging and other tools.,Unknown
624,PEP 624 – Remove Py_UNICODE encoder APIs,Unknown
618,PEP 618 – Add Optional Length-Checking To zip,Unknown
617,PEP 617 – New PEG parser for CPython,Unknown
625,PEP 625 – Filename of a Source Distribution,Unknown
616,PEP 616 – String methods to remove prefixes and suffixes,Unknown
615,PEP 615 – Support for the IANA Time Zone Database in the Standard Library,Unknown
621,PEP 621 – Storing project metadata in pyproject.toml,Unknown
604,PEP 604 – Allow writing union types as ,Unknown
590,PEP 590 – Vectorcall: a fast calling protocol for CPython,Unknown
600,PEP 600 – Future ‘manylinux’ Platform Tags for Portable Linux Built Distributions,Unknown
587,PEP 587 – Python Initialization Configuration,Unknown
597,PEP 597 – Add optional EncodingWarning,Unknown
592,PEP 592 – Adding “Yank” Support to the Simple API,Unknown
589,PEP 589 – TypedDict: Type Hints for Dictionaries with a Fixed Set of Keys,Unknown
586,PEP 586 – Literal Types,Unknown
585,PEP 585 – Type Hinting Generics In Standard Collections,Unknown
584,PEP 584 – Add Union Operators To dict,Unknown
573,PEP 573 – Module State Access from C Extension Methods,Unknown
572,PEP 572 – Assignment Expressions,Unknown
578,PEP 578 – Python Runtime Audit Hooks,Unknown
574,PEP 574 – Pickle protocol 5 with out-of-band data,Unknown
570,PEP 570 – Python Positional-Only Parameters,Unknown
565,PEP 565 – Show DeprecationWarning in __main__,Unknown
566,PEP 566 – Metadata for Python Software Packages 2.1,Unknown
564,PEP 564 – Add new time functions with nanosecond resolution,Unknown
538,PEP 538 – Coercing the legacy C locale to a UTF-8 based locale,Unknown
562,PEP 562 – Module __getattr__ and __dir__,Unknown
561,PEP 561 – Distributing and Packaging Type Information,Unknown
539,PEP 539 – A New C-API for Thread-Local Storage in CPython,Unknown
530,PEP 530 – Asynchronous Comprehensions,Unknown
527,PEP 527 – Removing Un(der)used file types/extensions on PyPI,Unknown
529,PEP 529 – Change Windows filesystem encoding to UTF-8,Unknown
524,PEP 524 – Make os.urandom() blocking on Linux,Unknown
526,PEP 526 – Syntax for Variable Annotations,Unknown
525,PEP 525 – Asynchronous Generators,Unknown
519,PEP 519 – Adding a file system path protocol,Unknown
518,PEP 518 – Specifying Minimum Build System Requirements for Python Projects,Unknown
523,PEP 523 – Adding a frame evaluation API to CPython,Unknown
520,PEP 520 – Preserving Class Attribute Definition Order,Unknown
517,PEP 517 – A build-system independent format for source trees,Unknown
515,PEP 515 – Underscores in Numeric Literals,Unknown
508,PEP 508 – Dependency specification for Python Software Packages,Unknown
506,PEP 506 – Adding A Secrets Module To The Standard Library,Unknown
503,PEP 503 – Simple Repository API,Unknown
495,PEP 495 – Local Time Disambiguation,Unknown
492,PEP 492 – Coroutines with async and await syntax,Unknown
498,PEP 498 – Literal String Interpolation,Unknown
493,PEP 493 – HTTPS verification migration tools for Python 2.7,Unknown
487,PEP 487 – Simpler customisation of class creation,Unknown
489,PEP 489 – Multi-phase extension module initialization,Unknown
488,PEP 488 – Elimination of PYO files,Unknown
465,PEP 465 – A dedicated infix operator for matrix multiplication,Unknown
476,PEP 476 – Enabling certificate verification by default for stdlib http clients,Unknown
471,PEP 471 – os.scandir() function – a better and faster directory iterator,Unknown
468,PEP 468 – Preserving the order of **kwargs in a function.,Unknown
475,PEP 475 – Retry system calls failing with EINTR,Unknown
456,PEP 456 – Secure and interchangeable hash algorithm,Unknown
461,PEP 461 – Adding % formatting to bytes and bytearray,Unknown
454,PEP 454 – Add a new tracemalloc module to trace Python memory allocations,Unknown
453,PEP 453 – Explicit bootstrapping of pip in Python installations,Unknown
441,PEP 441 – Improving Python ZIP Application Support,Unknown
443,PEP 443 – Single-dispatch generic functions,Unknown
440,PEP 440 – Version Identification and Dependency Specification,Unknown
450,PEP 450 – Adding A Statistics Module To The Standard Library,Unknown
448,PEP 448 – Additional Unpacking Generalizations,Unknown
451,PEP 451 – A ModuleSpec Type for the Import System,Unknown
442,PEP 442 – Safe object finalization,Unknown
425,PEP 425 – Compatibility Tags for Built Distributions,Unknown
420,PEP 420 – Implicit Namespace Packages,Unknown
428,PEP 428 – The pathlib module – object-oriented filesystem paths,Unknown
435,PEP 435 – Adding an Enum type to the Python standard library,Unknown
427,PEP 427 – The Wheel Binary Package Format 1.0,Unknown
424,PEP 424 – A method for exposing a length hint,Unknown
421,PEP 421 – Adding sys.implementation,Unknown
436,PEP 436 – The Argument Clinic DSL,Unknown
417,PEP 417 – Including mock in the Standard Library,Unknown
414,PEP 414 – Explicit Unicode Literal for Python 3.3,Unknown
412,PEP 412 – Key-Sharing Dictionary,Unknown
409,PEP 409 – Suppressing exception context,Unknown
397,PEP 397 – Python launcher for Windows,Unknown
415,PEP 415 – Implement context suppression with exception attributes,Unknown
405,PEP 405 – Python Virtual Environments,Unknown
389,PEP 389 – argparse - New Command Line Parsing Module,Unknown
418,"PEP 418 – Add monotonic time, performance counter, and process time functions",Unknown
384,PEP 384 – Defining a Stable ABI,Unknown
393,PEP 393 – Flexible String Representation,Unknown
391,PEP 391 – Dictionary-Based Configuration For Logging,Unknown
383,PEP 383 – Non-decodable Bytes in System Character Interfaces,Unknown
380,PEP 380 – Syntax for Delegating to a Subgenerator,Unknown
378,PEP 378 – Format Specifier for Thousands Separator,Unknown
366,PEP 366 – Main module explicit relative imports,Unknown
376,PEP 376 – Database of Installed Python Distributions,Unknown
370,PEP 370 – Per user site-packages directory,Unknown
372,PEP 372 – Adding an ordered dictionary to collections,Unknown
371,PEP 371 – Addition of the multiprocessing package to the standard library,Unknown
357,PEP 357 – Allowing Any Object to be Used for Slicing,Unknown
362,PEP 362 – Function Signature Object,Unknown
358,PEP 358 – The “bytes” Object,Unknown
352,PEP 352 – Required Superclass for Exceptions,Unknown
353,PEP 353 – Using ssize_t as the index type,Unknown
341,PEP 341 – Unifying try-except and try-finally,Unknown
343,PEP 343 – The “with” Statement,Unknown
342,PEP 342 – Coroutines via Enhanced Generators,Unknown
331,PEP 331 – Locale-Independent Float/String Conversions,Unknown
338,PEP 338 – Executing modules as scripts,Unknown
328,PEP 328 – Imports: Multi-Line and Absolute/Relative,Unknown
327,PEP 327 – Decimal Data Type,Unknown
324,PEP 324 – subprocess - New process module,Unknown
309,PEP 309 – Partial Function Application,Unknown
322,PEP 322 – Reverse Iteration,Unknown
318,PEP 318 – Decorators for Functions and Methods,Unknown
311,PEP 311 – Simplified Global Interpreter Lock Acquisition for Extensions,Unknown
307,PEP 307 – Extensions to the pickle protocol,Unknown
305,PEP 305 – CSV File API,Unknown
308,PEP 308 – Conditional Expressions,Unknown
302,PEP 302 – New Import Hooks,Unknown
301,PEP 301 – Package Index and Metadata for Distutils,Either “success” or “fail”.
292,PEP 292 – Simpler String Substitutions,Unknown
289,PEP 289 – Generator Expressions,Unknown
293,PEP 293 – Codec Error Handling Callbacks,Unknown
282,PEP 282 – A Logging System,Unknown
285,PEP 285 – Adding a bool type,Unknown
279,PEP 279 – The enumerate() built-in function,Unknown
278,PEP 278 – Universal Newline Support,Unknown
277,PEP 277 – Unicode file name support for Windows NT,Unknown
274,PEP 274 – Dict Comprehensions,Unknown
273,PEP 273 – Import Modules from Zip Archives,Unknown
263,PEP 263 – Defining Python Source Code Encodings,Unknown
264,PEP 264 – Future statements in simulated shells,Unknown
261,PEP 261 – Support for “wide” Unicode characters,Unknown
260,PEP 260 – Simplify xrange(),Unknown
255,PEP 255 – Simple Generators,Unknown
253,PEP 253 – Subtyping Built-in Types,Unknown
252,PEP 252 – Making Types Look More Like Classes,Unknown
236,PEP 236 – Back to the __future__,Unknown
250,PEP 250 – Using site-packages on Windows,Unknown
237,PEP 237 – Unifying Long Integers and Integers,Unknown
238,PEP 238 – Changing the Division Operator,Unknown
234,PEP 234 – Iterators,Unknown
235,PEP 235 – Import on Case-Insensitive Platforms,Unknown
232,PEP 232 – Function Attributes,Unknown
230,PEP 230 – Warning Framework,Unknown
229,PEP 229 – Using Distutils to Build Python,Unknown
227,PEP 227 – Statically Nested Scopes,Unknown
217,PEP 217 – Display Hook for Interactive Use,Unknown
221,PEP 221 – Import As,Unknown
218,PEP 218 – Adding a Built-In Set Object Type,Unknown
214,PEP 214 – Extended Print Statement,Unknown
223,PEP 223 – Change the Meaning of ,Unknown
208,PEP 208 – Reworking the Coercion Model,Unknown
207,PEP 207 – Rich Comparisons,Unknown
205,PEP 205 – Weak References,Unknown
203,PEP 203 – Augmented Assignments,Unknown
100,PEP 100 – Python Unicode Integration,Unknown
202,PEP 202 – List Comprehensions,Unknown
800,PEP 800 – Solid bases in the type system,Unknown
201,PEP 201 – Lockstep Iteration,Unknown
799,PEP 799 – A dedicated ,Unknown
798,PEP 798 – Unpacking in Comprehensions,Unknown
793,PEP 793 – PyModExport: A new entry point for C extension modules,Unknown
794,PEP 794 – Import Name Metadata,Unknown
785,PEP 785 – New methods for easier handling of ,Unknown
791,PEP 791 – imath — module for integer-specific mathematics functions,Unknown
789,PEP 789 – Preventing task-cancellation bugs by limiting yield in async generators,Unknown
788,PEP 788 – PyInterpreterRef: Interpreter References in the C API,Unknown
783,PEP 783 – Emscripten Packaging,Unknown
782,PEP 782 – Add PyBytesWriter C API,Unknown
781,PEP 781 – Make ,Unknown
780,PEP 780 – ABI features as environment markers,Unknown
777,PEP 777 – How to Re-invent the Wheel,Unknown
776,PEP 776 – Emscripten Support,Unknown
771,PEP 771 – Default Extras for Python Software Packages,Unknown
772,PEP 772 – Packaging Council governance process,Unknown
767,PEP 767 – Annotating Read-Only Attributes,Unknown
764,PEP 764 – Inline typed dictionaries,Unknown
755,PEP 755 – Implicit namespace policy for PyPI,Unknown
763,PEP 763 – Limiting deletions on PyPI,Unknown
752,PEP 752 – Implicit namespaces for package repositories,Unknown
746,PEP 746 – Type checking Annotated metadata,Unknown
747,PEP 747 – Annotating Type Forms,Unknown
748,PEP 748 – A Unified TLS API for Python,Unknown
728,PEP 728 – TypedDict with Typed Extra Items,Unknown
725,PEP 725 – Specifying external dependencies in pyproject.toml,Unknown
744,PEP 744 – JIT Compilation,Unknown
743,PEP 743 – Add Py_COMPAT_API_VERSION to the Python C API,Unknown
711,PEP 711 – PyBI: a standard format for distributing Python Binaries,Unknown
720,PEP 720 – Cross-compiling Python packages,Unknown
718,PEP 718 – Subscriptable functions,Unknown
671,PEP 671 – Syntax for late-bound function argument defaults,Unknown
653,PEP 653 – Precise Semantics for Pattern Matching,Unknown
679,PEP 679 – Allow parentheses in assert statements,Unknown
694,PEP 694 – Upload 2.0 API for Python Package Indexes,Unknown
710,PEP 710 – Recording the provenance of installed packages,Unknown
770,PEP 770 – Improving measurability of Python packages with Software Bill-of-Materials,Unknown
792,PEP 792 – Project status markers in the simple index,Unknown
603,PEP 603 – Adding a frozenmap type to collections,Unknown
638,PEP 638 – Syntactic Macros,Unknown
779,PEP 779 – Criteria for supported status for free-threaded Python,Unknown
480,PEP 480 – Surviving a Compromise of PyPI: End-to-end signing of packages,Unknown
773,PEP 773 – A Python Installation Manager for Windows,Unknown
467,PEP 467 – Minor API improvements for binary sequences,Unknown
768,PEP 768 – Safe external debugger interface for CPython,Unknown
750,PEP 750 – Template Strings,Unknown
701,PEP 701 – Syntactic formalization of f-strings,Unknown
739,PEP 739 – ,Unknown
714,PEP 714 – Rename dist-info-metadata in the Simple API,Unknown
703,PEP 703 – Making the Global Interpreter Lock Optional in CPython,Unknown
753,PEP 753 – Uniform project URLs in core metadata,Unknown
749,PEP 749 – Implementing PEP 649,Unknown
699,PEP 699 – Remove private dict version field added in PEP 509,Unknown
708,PEP 708 – Extending the Repository API to Mitigate Dependency Confusion Attacks,Unknown
687,PEP 687 – Isolating modules in the standard library,Unknown
668,PEP 668 – Marking Python base environments as “externally managed”,Unknown
649,PEP 649 – Deferred Evaluation Of Annotations Using Descriptors,Unknown
691,PEP 691 – JSON-based Simple API for Python Package Indexes,Unknown
458,PEP 458 – Secure PyPI downloads with signed repository metadata,Unknown
686,PEP 686 – Make UTF-8 mode default,Unknown
658,PEP 658 – Serve Distribution Metadata in the Simple Repository API,Unknown
8105,PEP 8105 – 2024 Term Steering Council election,Unknown
8106,PEP 8106 – 2025 Term Steering Council election,Unknown
8100,PEP 8100 – January 2019 Steering Council election,Unknown
8102,PEP 8102 – 2021 Term Steering Council election,Unknown
8104,PEP 8104 – 2023 Term Steering Council election,Unknown
8101,PEP 8101 – 2020 Term Steering Council election,Unknown
8103,PEP 8103 – 2022 Term Steering Council election,Unknown
8016,PEP 8016 – The Steering Council Model,Unknown
8002,PEP 8002 – Open Source Governance Survey,Unknown
745,PEP 745 – Python 3.14 Release Schedule,Unknown
801,PEP 801 – Reserved,Unknown
762,PEP 762 – REPL-acing the default REPL,Unknown
8000,PEP 8000 – Python Language Governance Proposal Overview,Unknown
790,PEP 790 – Python 3.15 Release Schedule,Unknown
733,PEP 733 – An Evaluation of Python’s Public C API,Unknown
3333,PEP 3333 – Python Web Server Gateway Interface v1.0.1,Unknown
719,PEP 719 – Python 3.13 Release Schedule,Unknown
693,PEP 693 – Python 3.12 Release Schedule,Unknown
659,PEP 659 – Specializing Adaptive Interpreter,Unknown
635,PEP 635 – Structural Pattern Matching: Motivation and Rationale,Unknown
636,PEP 636 – Structural Pattern Matching: Tutorial,Unknown
664,PEP 664 – Python 3.11 Release Schedule,Unknown
630,PEP 630 – Isolating Extension Modules,Unknown
672,PEP 672 – Unicode-related Security Considerations for Python,Unknown
619,PEP 619 – Python 3.10 Release Schedule,Unknown
588,PEP 588 – GitHub Issues Migration Plan,Unknown
483,PEP 483 – The Theory of Type Hints,Unknown
579,PEP 579 – Refactoring C functions and methods,Unknown
607,PEP 607 – Reducing CPython’s Feature Delivery Latency,Unknown
457,PEP 457 – Notation For Positional-Only Parameters,Unknown
596,PEP 596 – Python 3.9 Release Schedule,Unknown
514,PEP 514 – Python registration in the Windows registry,Unknown
482,PEP 482 – Literature Overview for Type Hints,Unknown
452,PEP 452 – API for Cryptographic Hash Functions v2.0,Unknown
434,PEP 434 – IDLE Enhancement Exception for All Branches,Unknown
394,PEP 394 – The “python” Command on Unix-Like Systems,Unknown
290,PEP 290 – Code Migration and Modernization,Unknown
430,PEP 430 – Migrating to Python 3 as the default online documentation,Unknown
287,PEP 287 – reStructuredText Docstring Format,Unknown
333,PEP 333 – Python Web Server Gateway Interface v1.0,Unknown
399,PEP 399 – Pure Python/C Accelerator Module Compatibility Requirements,Unknown
272,PEP 272 – API for Block Encryption Algorithms v1.0,Unknown
249,PEP 249 – Python Database API Specification v2.0,Unknown
248,PEP 248 – Python Database API Specification v1.0,Unknown
101,PEP 101 – Doing Python Releases 101,Unknown
4,PEP 4 – Deprecation of Standard Modules,Unknown
247,PEP 247 – API for Cryptographic Hash Functions,Unknown
7,PEP 7 – Style Guide for C Code,Unknown
257,PEP 257 – Docstring Conventions,Unknown
2,PEP 2 – Procedure for Adding New Modules,Unknown
